Africa,Americas,Asia,Europe,Oceania
Charlee,Grey,Sura,Roxie,Sloan
Raelyn,Nikolai,Ariella,Leeta,Weston
Emberly,Sura,Yerachmiel,Lona,Solange
Kathalina,Remi,Elif,Susie,Boone
Jader,Jenson,Adrielle,Eugenie,Kiyomi
Raelynne,Charli,Jenson,Parthenia,Arisha
Sloane,Elif,Raelle,Sylvania,Thorin
Suria,Zehava,Saud,Dagmar,Uriah
Brielle,Yerachmiel,Adreena,Olinda,Farida
Leyland,Ariella,Kiam,Lesta,Raylon
Wren,Beaux,Zehava,Leita,Levi
Paxton,Nash,Suleiman,Artie,Jabir
Zuri,Kiam,Aston,Monnie,Roselynn
Sutton,Othniel,Remington,Lennie,Arian
Colbie,Suleiman,Charli,Leta,Capri
Kornelius,Aubrey,Jema,Nona,Grey
Rajon,Dariel,Viren,Lauretta,Remy
Kace,Raelle,Beaux,Louvenia,Kiam
Ghazal,Alistair,Manoah,Leatha,Linley
Bow,Manoah,Kallen,Retta,Jema
Persephone,Aston,Nikolai,Roe,Eyad
Ember,Shavy,Shavy,Manuelita,Miri
Grayson,Kallen,Remi,Leda,Zeke
Milanie,Saud,Othniel,Ardelia,Graeme
Eira,Daiana,England,Netta,Lowen
Freya,Aira,Kilani,Tempie,Lesieli
Khalifa,Lian,Raylon,Nonie,Yekusiel
Case,Adreena,Farida,Rosena,Aubrey
Bay,Adrielle,Honour,Rollie,Charli
Auri,Raylyn,Lesieli,Jannie,Emi
Maci,Farida,Weston,Lethia,Gedalia
Kenley,Viren,Lian,Vinnie,Sura
Benaiah,Remington,Audriana,Annice,Titus
Flynn,Darina,Kenzi,Clemmie,Saam
Kase,Emmeline,Alistair,Della,Adrielle
Maverick,Kamilla,Aira,Fleming,Dariel
Jayce,Arisha,Nishika,Belvia,Zac
Briggs,Kenzi,Arisha,Rose,Efrayim
Navy,Bowen,Yekusiel,Eppie,Adreena
Rosali,Alysson,Dariel,Estella,Othniel
Renad,Raylynn,Grey,Margaretta,Alysson
Samil,Dahlia,Westin,Melvina,Hendrik
Lennon,Westin,Nash,Veta,Fallyn
Gunnison,Atom,Abdulaziz,Pinkey,Aston
Niome,Nishika,Kember,Woodie,Mysha
Aisleen,Cali,Raylyn,Catharine,Beauregard
Seydi,Sapphira,Cartier,Barney,Rozlyn
Liam,Kato,Baylen,Martha,Anabell
Lamere,Crimson,Benaiah,Lawyer,Remi
Ammanuel,Jema,Nosson,Neta,Colt
Kiralyn,England,Valyn,Anice,Caralynn
Raelynn,Karam,Emmeline,Helene,Callin
Cairo,Nosson,Alysson,Hamp,Abdulaziz
Gemma,Roniel,Saam,Mada,Verity
Henrik,Benaiah,Callan,Adolphus,Akemi
Annalynn,Cartier,Daiana,Freda,Daiana
Ariadne,Matias,Remy,Mose,Yerachmiel
Auset,Kora,Bowen,Orelia,Raelle
Legacy,Jovi,Karam,Irma,Kato
Krystell,Gideon,Kayler,Aleda,Alistair
Dimari,Boone,Crimson,Collie,Saud
Kyuss,Weston,Ivanna,Lugenia,Leia
Lynlee,Dezi,Efrayim,Zollie,Nikolai
Keyston,Eli,Raylynn,Ike,Zehava
Rechy,Avni,Narayan,Dora,Romina
Axl,Valyn,Kato,Josepha,Davi
Vidur,Remy,Jeancarlos,Letha,Fitzpatrick
Zecharia,Ivanna,Keaston,Thyra,Kamilla
Seydina,Honour,Callin,Luvenia,Analee
Naamah,Bennett,Atom,Mary,Adeena
Eloni,Ezra,Hesston,Percy,Antonella
Zanovia,Leighton,Arian,Sallye,Ariella
Aubri,Jubilee,Roniel,Margart,Mera
Aubrei,Roselynn,Cali,Reta,Jenson
Annaleigh,Yekusiel,Kolt,Trudie,Crimson
Rynn,Callin,Kora,Willie,Nael
Annaleah,Ariadne,Alasdair,Berta,Beaumont
Jordynn,Rhys,Jovi,Cornelia,Zinnia
Chapel,Raylon,Chatham,Electa,Hosanna
Raea,Aubri,Sloan,Marquerite,Taleen
Adalina,Kenzie,Westen,Robley,Narayan
Alister,Keaston,Darina,Burney,Ameila
Pristine,Leevi,Kamilla,Ebbie,Afaf
Nihaal,Lesieli,Rosali,Hosie,Manoah
Fatiha,Westen,Yohannes,Enola,Jeremias
Lian,Yousif,Alister,Zona,Menashe
Kyrus,Samier,Boone,Claude,Radley
Cye,Alister,Ariadne,Nonnie,Muhammad
Jannatul,Emilyn,Liem,Rella,Darina
Aalaiyah,Sloan,Graeme,Jule,Salahuddin
Tameem,Adriel,Sapphira,Pearlie,Banning
Daxx,Narayan,Zuri,Rosetta,Aira
Osiah,Chevy,Mysha,Theodosia,Dahlia
Adilen,Liem,Batsheva,Norine,Shavy
Lui,Alasdair,Aubri,Aggie,Beaux
Naveena,Lev,Jubilee,Pinkie,Elif
Juliete,Setareh,Kenzie,Leonia,Langston
Azalea,Hadassah,Leevi,Floretta,Quinn
Valentina,Kilani,Setareh,Rowena,Valyn
Demoni,Rosali,Quinne,Freida,Leahmarie
